TimeStep,GroupID,Innovation,Competition,Fitness
0,0,8.491374730873515,1.8640535506831937,10.50019783549044
0,1,6.967325358926382,3.338194534337114,6.445154597185036
0,2,7.752431676969078,4.572627182981032,6.141494895876378
0,3,6.4282673636591605,0.06314870022633036,9.566622605217145
0,4,5.465364068269649,3.512155329873779,3.9834597065559385
1,0,9.560753653118997,1.9989117621929673,11.942436365046934
1,1,7.696779447604523,3.436008399979639,7.4219590914312175
1,2,8.55140997323121,4.667777990588162,7.2257813711410215
1,3,7.104346164994839,0.06709293124191038,10.576007730001965
1,4,5.978490013759017,3.476200103765551,4.796294896119864
2,0,10.744849122375703,2.174971982685547,13.507307304340898
2,1,8.490773013867296,3.5841582348859387,8.435169638937817
2,2,9.417281244959298,4.837354870243682,8.321096023146529
2,3,7.851233479397759,0.07200403272541911,11.690445379826135
2,4,6.542902448869404,3.492221845334696,5.62368745890247
3,0,12.046311907429338,2.40343376577133,15.18534734221841
3,1,9.34690515161672,3.7893164837937294,9.473177946872605
3,2,10.34050122286128,5.08674117811495,9.406662420553978
3,3,8.676233730838982,0.07813494116507128,12.920588666860386
3,4,7.159082478689525,3.5603623775376985,6.46618886498905
4,0,13.462813163648152,2.6991133427542846,16.955283734167086
4,1,10.259225075716957,4.059904642879258,10.516952042120327
4,2,11.305259720320226,5.422676365755933,10.450677941573218
4,3,9.587361232100351,0.08582496544126524,14.278051889621008
4,4,7.8262320768548745,3.6830187537315258,7.319725610804481
5,0,14.984260612503535,3.0814088506025867,18.7787002980322
5,1,11.216965678510267,4.40588984779343,11.538380700413285
5,2,12.287911269923105,5.851907260564029,11.409578192207825
5,3,10.59338969792697,0.09553549799101198,15.77544194930124
5,4,8.541661411771784,3.864563634845067,8.175015755843596
6,0,16.588977844139897,3.5751872331663934,20.593242086410175
6,1,12.203123286384702,4.8381668873113,12.498884664803494
6,2,13.25581887814854,6.378990363746721,12.228939880726745
6,3,11.70389476621962,0.10790293398033338,17.42635862855303
6,4,9.30005079064938,4.1110597874768064,9.016804441001902
7,0,18.23875632430168,4.211095645451801,22.30481971191036
7,1,13.19307698582912,5.367212418725924,13.348960576272571
7,2,14.167291486108258,7.00298125864375,12.847359718789887
7,3,12.92928206272449,0.1238182920576312,19.245341143617576
7,4,10.092601208790688,4.429805610613797,9.823135080449475
8,0,19.87307644130368,5.0242365498395145,23.780530802148103
8,1,14.153645637412867,6.000626792644018,14.029716304946477
8,2,14.973567365689686,7.713096966120585,13.204634689189827
8,3,14.280788373809951,0.14454891492003688,21.247723862810883
8,4,10.906139312113783,4.828505710915245,10.565002115072382
9,0,21.403706930702956,6.049281227682927,24.846422922834922
9,1,15.043256701657496,6.73925222865305,14.477782378102585
9,2,15.623817440748184,8.484240161938455,13.254637966796128
9,3,15.770435099868228,0.17192753993928936,23.449339601875195
9,4,11.722329790946368,5.313815188631552,11.20691646006169
10,0,22.712619514811724,7.309238644211299,25.297842899164028
10,1,15.81415839097758,7.571985564454304,14.634854909121206
10,2,16.07351955664426,9.274476632612283,12.980907375831652
10,3,17.41089878750635,0.2086509527833551,25.865967037919503
10,4,12.517276071060213,5.889012968807357,11.70909854402149
11,0,23.65861254951574,8.79553040533168,24.933282337875596
11,1,16.417602807866324,8.470416225411864,14.461904741305249
11,2,16.294966539279194,10.02744696466928,12.409513451315654
11,3,19.21523855053081,0.25875967754259427,28.5123462127451
11,4,13.261940092600016,6.550720942693129,12.03204500766827
12,0,24.099706035868792,10.44158462937246,23.619657498556236
12,1,16.81226264960461,9.385931753465574,13.955275870248226
12,2,16.28647365560171,10.681794057494846,11.611557614408751
12,3,21.196376123053103,0.32842114846180087,31.400458806425494
12,4,13.923912408275399,7.285040345827304,12.143820197420332
13,0,23.93497659489978,12.103486910810172,21.37828059937746
13,1,16.974511912150348,10.252992184749516,13.158177246526103
13,2,16.07561683570966,11.18598425764043,10.690244144395974
13,3,23.36614557512062,0.4272281047399664,34.53654463699297
13,4,14.470965021023261,8.064290586941551,12.02929882720503
14,0,23.155652053983317,13.573846358854393,18.444862450349703
14,1,16.907021151072758,11.000968658743666,12.159369336116738
14,2,15.713579008229532,11.51220566842352,9.755721710236074
14,3,25.733587775689365,0.5703795633498289,37.91592618751425
14,4,14.876326139515532,8.846446711892105,11.698753155002773
15,0,21.874683630022652,14.647004590881638,15.235619935976013
15,1,16.641054306855267,11.572112280544667,11.075046723629299
15,2,15.262353799271509,11.661990985348103,8.89914151648954
15,3,28.30190785882418,0.7823769468652123,41.514009451998014
15,4,15.124661055792753,9.579540108940991,11.191543452959941
16,0,20.301206577896053,15.208056226162201,12.202142395449439
16,1,16.229900493242933,11.937523380971548,10.019822682698543
16,2,14.780674968299905,11.661156276054324,8.17762492118467
16,3,31.063053107146757,1.1032940670941869,45.27062678020711
16,4,15.21668792729096,10.21161301416722,10.571096273935776
17,0,18.66460469682357,15.276889523947277,9.664639616498622
17,1,15.73570050133594,12.102421490934644,9.080644962882337
17,2,14.31443216884644,11.548325819434195,7.613657269948627
17,3,33.98806725672246,1.599265223025285,49.06298261745334
17,4,15.170089963340876,10.703323254038036,9.911147040165671
18,0,17.140052389455903,14.97302364687958,7.742450207928357
18,1,15.215769404614875,12.098789999002477,8.30510610811934
18,2,13.893566151262123,11.36363640368247,7.20398554247422
18,3,37.01009424765421,2.3792664091571263,52.66002168049276
18,4,15.015689867013727,11.037431856836625,9.27861657231664
19,0,15.820647161185391,14.44342822097498,6.398856876608111
19,1,14.713886007751475,11.971407859033553,7.705139580786948
19,2,13.533800497662854,11.14158736818856,6.93079590466801
19,3,39.99528142127723,3.619019804343713,55.65009836670338
19,4,14.790261116630035,11.220443381083847,8.720859617644436
20,0,14.732499218902667,13.81088715789636,5.525684238878369
20,1,14.25801308705698,11.765138412228163,7.268853535911674
20,2,13.240416579443924,10.908347869408496,6.77060742587569
20,3,42.69644415861099,5.584685742564098,57.343043346839565
20,4,14.529046237270656,11.27647613118742,8.261797998481079
21,0,13.863442648452018,13.158186798699665,5.005339814238429
21,1,13.86248466218736,11.517525314097727,6.972696616363767
21,2,13.012034916556468,10.681970733949957,6.6996874940947535
21,3,44.69174287696506,8.620227849268167,56.693340896325786
21,4,14.260663710051366,11.237717198119274,7.905734927333921
22,0,13.185716198634903,12.533421187239213,4.738468873265299
22,1,13.531873929724341,11.256460172446499,6.790058687650713
22,2,12.843527765013182,10.473873986305776,6.696642863952841
22,3,45.344406282406894,12.994132022895808,52.423650996135365
22,4,14.005237418512987,11.136167974061623,7.644454558895533
23,0,12.668637492263084,11.96091163956582,4.649862270915642
23,1,13.26466769053747,11.000880657335038,6.695944747004159
23,2,12.72795524663378,10.290553786708326,6.743268325900678
23,3,43.90743111777068,18.442882032268134,43.729688237934255
23,4,13.774967369883258,10.998858670061963,7.463820650750531
24,0,12.28410462620909,11.450623422526473,4.685408832281866
24,1,13.056017591353209,10.762637668522268,6.668861184803092
24,2,12.657730115476015,10.135063948371247,6.824518435168526
24,3,39.98384358311165,23.55742050512915,31.70686076851249
24,4,13.575854626430457,10.846259802658524,7.348270176455457
25,0,12.008273213571325,11.004558147240239,4.806940043668701
25,1,12.89953396436546,10.54845731679429,6.691152166395042
25,2,12.625266068918002,10.00813793347011,6.928133583212871
25,3,34.24642939978802,26.218679101225373,19.907229178211583
25,4,13.409599392989778,10.692635902672787,7.283236006277322
26,0,11.82154877081422,10.62063207311907,4.987564668478445
26,1,12.788346255879825,10.361563994670814,6.748642590214761
26,2,12.623315047424036,9.908981316411648,7.044194991442077
26,3,28.36767421070283,25.792961225876855,11.59995784500202
26,4,13.275191356436496,10.547202874455945,7.25614358530761
27,0,11.707981255291685,10.294879193044935,5.208116851283606
27,1,12.715678878341327,10.202879362422568,6.83006308260491
27,2,12.645132867241465,9.835809681304923,7.16472768329629
27,3,23.625888801226424,23.694681665755358,7.005215202933206
27,4,13.170069361529993,10.415407768023126,7.256614720667239
28,0,11.65454061177097,10.022640560678369,5.454642244842414
28,1,12.67513574144078,10.071853181473589,6.926479794392863
28,2,12.684558468240187,9.786207828750898,7.2833883078592025
28,3,20.20140833466199,21.298469582655517,4.7439490028063656
28,4,13.090898183044509,10.30003331217067,7.2763072999619585
29,0,11.650456215523116,9.799170110237498,5.716680190999677
29,1,12.66082248190817,9.967017130702104,7.030813166019731
29,2,12.736054591083748,9.757371761700002,7.39523577258562
29,3,17.785636774381395,19.144796042854022,3.7046999101472657
29,4,13.034059585258404,10.202049660428418,7.308629785373505
30,0,11.68667357746196,9.619914870259398,5.986112521881662
30,1,12.6673852986622,9.886345615524029,7.137463209364466
30,2,12.794733717048885,9.74627828563057,7.496566632816643
30,3,16.064172402476697,17.339563705707903,3.2887821568655617
30,4,12.995949294620312,10.121232885725199,7.348444479060229
31,0,11.755430641529326,9.480618208173652,6.2564041124856065
31,1,12.69001157565862,9.827488709953691,7.2420309115435
31,2,12.85637849159546,9.749812603203786,7.584792613548648
31,3,14.816262597429379,15.85513787150134,3.1982284503424605
31,4,12.973149397624631,10.056599707189193,7.391804447809916
32,0,11.849939125168646,9.377330175778695,6.522112476818535
32,1,12.724416409589146,9.78792374604717,7.341116119127116
32,2,12.917457426808728,9.764872861585362,7.658338706310658
32,3,13.898077184676765,14.637047018849403,3.2826593543958644
32,4,12.962523538893901,10.006708407409885,7.43573521944899
33,0,11.964153158957357,9.306372208450256,6.778583088295728
33,1,12.766826562799341,9.765057157752922,7.432171254895505
33,2,12.975132370180923,9.788461940459927,7.716544226719472
33,3,13.215972841064447,13.633878828435682,3.463304667473852
33,4,12.96126515421534,9.969866464053773,7.4780579744584825
34,0,12.092609036695418,9.264282871389513,7.021774109375711
34,1,12.813966076904865,9.756297198902278,7.513392476674564
34,2,13.027252764520513,9.817770409180708,7.75955465576392
34,3,12.707668082486684,12.803565712683989,3.697223268509239
34,4,12.966917151246248,9.944274577795856,7.517246233514345
35,0,12.230322503238195,9.247760027747178,7.248171721560679
35,1,12.863043755897184,9.759110330220315,7.583633237581399
35,2,13.072332267516645,9.850250223236168,7.788198133391565
35,3,12.330590078969259,12.113146667792908,3.9601091171023985
35,4,12.977373848576677,9.92812754070601,7.552307724017805
36,0,12.372732293747694,9.2536086154533,7.45476810207758
36,1,12.911740715630097,9.771068573708737,7.642328784994661
36,2,13.109505184452273,9.883676192399314,7.803846345799232
36,3,12.054806694037833,11.53708540653556,4.237707553214077
36,4,12.990871361603878,9.9196854161659,7.582684543006737
37,0,12.515680189053914,9.278699781205043,7.639080546134818
37,1,12.95819546646967,9.78989131929682,7.68942361654832
37,2,13.138462766037373,9.916191376139807,7.808264497688291
37,3,11.858690775594019,11.055567937545781,4.52135463833609
37,4,13.00596997724177,9.917323599369697,7.608166646619019
38,0,12.655418681119494,9.319945047101244,7.799193965157748
38,1,13.000984102947973,9.813482507425338,7.725297145511553
38,2,13.159372121403411,9.946333100570639,7.80345846142035
38,3,11.726202474500967,10.653109902614034,4.80557182861461
38,4,13.02153066334828,9.919567076181517,7.628815503604599
39,0,12.78863764661846,9.374287672362282,7.9338112630929505
39,1,13.039093819660074,9.839962531474521,7.750685691720686
39,2,13.172782747454027,9.97303786186057,7.791528686948356
39,3,11.64514403217986,10.31749093759979,5.086726923150044
39,4,13.036687212348111,9.92511217764467,7.644896205348564
40,0,12.912501482400064,9.43871196997848,8.04229785962592
40,1,13.071888923326542,9.867693425352178,7.7666012745672
40,2,13.179527084071204,9.995625486297612,7.7745400425496705
40,3,11.606012144878937,10.038957468530267,5.362269255082085
40,4,13.05081528376522,9.932837980906001,7.656817348560628
41,0,13.024688265831827,9.510269840840765,8.124708589738823
41,1,13.099069564643452,9.895295775331794,7.774249416567025
41,2,13.18062188961446,10.013765031696467,7.75441479638593
41,3,11.601226633585496,9.809629086046423,5.630285047122536
41,4,13.063499563774233,9.941808946653637,7.665078609676985
42,0,13.123422944948693,9.586122177893689,8.181787803950613
42,1,13.120624393478602,9.921656166797899,7.774949190060425
42,2,13.177176641553286,10.027426594064346,7.732853049452714
42,3,11.624602036323884,9.623054916075015,5.889237155195808
42,4,13.074500260391225,9.95127018106906,7.670226173303967
43,0,13.207497545387577,9.663591198550568,8.214936879820684
43,1,13.13677910639713,9.945924672697336,7.770059052358892
43,2,13.170313837075657,10.036824150352615,7.711281775190347
43,3,11.670979903649954,9.473879603573945,6.137814331186197
43,4,13.083720120456395,9.960636692755262,7.672816149378278
44,0,13.276272992062404,9.740218411889906,8.22614739382572
44,1,13.14794331593161,9.967502727715397,7.760911700638938
44,2,13.16110433312348,10.0423547471545,7.690830803099821
44,3,11.735969981348699,9.357589572935234,6.374847484500767
44,4,13.091173054181533,9.969478056516342,7.673385913452689
45,0,13.329659322806902,9.813822078009126,8.217902490599402
45,1,13.154658294904639,9.986022538260782,7.74876039644402
45,2,13.150519066417148,10.044538838064938,7.672331993947797
45,3,11.815766908494806,9.270318583176838,6.599268062930004
45,4,13.0969552817718,9.977499914881854,7.672433024799475
46,0,13.368073608318033,9.882547885867856,8.193052949435621
46,1,13.15754796197064,10.001319816578407,7.73473816306187
46,2,13.13939690592232,10.043965593469135,7.656336646720518
46,3,11.907020464505253,9.208697668403317,6.8100934946738985
46,4,13.101219691639322,9.984523702333446,7.670401094658848
47,0,13.392377465140164,9.944907261656542,8.154677483722395
47,1,13.157275046304672,10.01340201424278,7.719830152365672
47,2,13.128427180651586,10.041245806121958,7.643145803631029
47,3,12.006744568217119,9.169738895749367,7.006430177426438
47,4,13.104153847890567,9.990465854915785,7.667671745936908
48,0,13.403798292639065,9.999799159642158,8.105938447388008
48,1,13.154503794726722,10.022414341099655,7.704858482770497
48,2,13.118144653258181,10.036973816724572,7.632848399817785
48,3,12.112254795980832,9.150745453911565,7.18748764927737
48,4,13.105961834349895,9.995317579835456,7.664561655722295
49,0,13.403839962725524,10.046513159124911,8.04994415313839
49,1,13.149869961791023,10.02860571700331,7.690478082282561
49,2,13.10893434683537,10.031698843765914,7.625362907733958
49,3,12.221127115281293,9.149242756439051,7.352599365195078
49,4,13.106849897223235,9.99912602868282,7.661323611415468
50,0,13.394189445227122,10.084713861633707,7.989627533880234
50,1,13.1439582368279,10.03229647715032,7.6771815826614676
50,2,13.101043598555759,10.025905304710253,7.620479032181334
50,3,12.331172418922906,9.162926753861344,7.501246523750746
50,4,13.107015664933819,10.001977470939304,7.658150532273563
51,0,13.376625727538837,10.114408590416975,7.927648282807885
51,1,13.137286771273724,10.03384921466542,7.665311099312081
51,2,13.094598909378393,10.020001180481872,7.617896947489342
51,3,12.44042266606802,9.18962667049303,7.633081994510394
51,4,13.106640589722833,10.003982826086967,7.655181493279889
52,0,13.352936508584271,10.135901936892587,7.866322438605302
52,1,13.130298106614317,10.033643671493328,7.6550747541294815
52,2,13.089625488551254,10.014313177127683,7.617262420273662
52,3,12.547125234021056,9.227280037046425,7.747951806575874
52,4,13.105885172003985,10.005265701607398,7.6525089160771005
53,0,13.324846752909059,10.149741595640574,7.8075802145949
53,1,13.123355574540552,10.032056141453243,7.646565992066937
53,2,13.086067777717252,10.00908732929027,7.618196871427553
53,3,12.649742623255252,9.273918268482296,7.845912012704122
53,4,13.104886490428695,10.005952911834534,7.650186241441602
54,0,13.29396156763406,10.156660146080815,7.752950176154112
54,1,13.116744134453516,10.029443468336606,7.639784039676346
54,2,13.083809627595631,10.004493715202067,7.6203219831509665
54,3,12.74695505240048,9.327661209058817,7.9272391277301395
54,4,13.103757560080583,10.006167323484869,7.648235551939031
55,0,13.261724281246392,10.157517068291362,7.7035659399199545
55,1,13.110674606181085,10.026131427732013,7.634654195993212
55,2,13.082693157382868,10.000634062581918,7.623278860976001
55,3,12.837663810184857,9.38671909552829,7.992432800643337
55,4,13.102588068736813,10.006022786691245,7.646654759075725
56,0,13.229389260354525,10.153244497512645,7.6601904935166125
56,1,13.105290320406652,10.022407077604079,7.6310469874850835
56,2,13.082535637035845,9.997551179527145,7.626742040121193
56,3,12.92099355214128,9.449400333152761,8.042209928428605
56,4,13.101446087407755,10.005620860757235,7.64542409820295
57,0,13.198008011992524,10.144799229085468,7.623252943086225
57,1,13.100675319514288,10.018514541609246,7.628795529340336
57,2,13.083143990875426,9.995239316153203,7.630428806929295
57,3,12.996292073895502,9.51412339325908,8.077490038932357
57,4,13.100380408194154,10.005049024874916,7.644511782441331
58,0,13.168426513591742,10.133122466206876,7.592892810939361
58,1,13.096863374984563,10.014653636252637,7.62771069897368
58,2,13.084326729669572,9.993654733477737,7.634104414331073
58,3,13.063126473197128,9.579431076515306,8.099372417977325
58,4,13.099423223267133,10.004380068350144,7.643878752880525
59,0,13.141291454571496,10.119107892693954,7.569007710624499
59,1,13.093847227120454,10.010980751554204,7.627593938815637
59,2,13.085903282862944,9.992725915900724,7.637583825213547
59,3,13.1212750254842,9.644005385616861,8.109106075486068
59,4,13.09859291856899,10.003672375457429,7.64348252730457
60,0,13.11706308889871,10.103577930614838,7.55130111661026
60,1,13.091587587090515,10.007611428853659,7.628247666011382
60,2,13.087710829050668,9.99236300798037,7.640730633999558
60,3,13.170714524654896,9.706681344130285,8.108054174026002
60,4,13.097896811321458,10.002970850829684,7.643280195986567
61,0,13.096032600010695,10.087267535119622,7.539327857872495
61,1,13.09002156302146,10.004624135053566,7.629483382467912
61,2,13.089608816809472,9.99246618360746,7.643453804885255
61,3,13.211603254404379,9.766458297375506,8.097654924755961
61,4,13.097333709613826,10.002308267376277,7.643230643569208
62,0,13.078342186350191,10.070814574701656,7.5325357898833
62,1,13.089070277698037,10.002064799316107,7.631127657367726
62,2,13.091481434315977,9.992932766269941,7.645702831950036
62,3,13.24426012472422,9.822507530304756,8.079381150720623
62,4,13.096896214264673,10.001706856407386,7.6432960937081456
63,0,13.064006421166308,10.054755710276241,7.530302779417973
63,1,13.088645534363753,9.999951748335373,7.6330262035431815
63,2,13.093238328594044,9.99366301355254,7.647461876628018
63,3,13.269140803862296,9.874175412951802,8.054700710251282
63,4,13.09657271760052,10.001179996294258,7.643443080847669
64,0,13.05293377725808,10.039526677504433,7.531968652881799
64,1,13.088655459738924,9.998280744743516,7.635046295916166
64,2,13.094813896882036,9.994564558033826,7.6487433756824625
64,3,13.286811876520408,9.92098169993508,8.025039774858516
64,4,13.096349081075179,10.00073388988579,7.643642953749819
65,0,13.044947507485727,10.025465950877553,7.536862120175526
65,1,13.089009111089753,9.997029896943447,7.637077790302493
65,2,13.096165476311464,9.995555560884315,7.649581541406018
65,3,13.297924153673462,9.962613024297537,7.991750601353147
65,4,13.09620999438291,10.000369151014748,7.643872010356667
66,0,13.039805321692151,10.01282088861816,7.544322916196435
66,1,13.08962007873697,9.996164266112748,7.639032998770158
66,2,13.097270746597573,9.996566684207163,7.650026098847763
66,3,13.303186249874845,9.998911996569058,7.956084978929397
66,4,13.096140033685405,10.000082246276303,7.644111354996543
67,0,13.037217497513812,10.00175559648038,7.55371953049426
67,1,13.090409148561804,9.995640046667768,7.640845666841384
67,2,13.098124636614454,9.997542024036084,7.65013652607838
67,3,13.303339443443273,10.029862614247811,7.919174028067536
67,4,13.096124446633253,9.999866759741664,7.6443465582598815
68,0,13.036863210573532,9.99235988683753,7.564462951655262
68,1,13.091306112507231,9.995408240060275,7.642469280688517
68,2,13.098735992545592,9.998439168674043,7.649976986409536
68,3,13.299134665232083,10.05557288433935,7.882014536640905
68,4,13.0961496978723,9.999714465533385,7.644567188168389
69,0,13.038404976456963,9.984658835423925,7.5760168621767345
69,1,13.092250830262314,9.995417778652952,7.643874911009929
69,2,13.099124225807874,9.999228557809605,7.649612069340284
69,3,13.291312249056103,10.076255655821983,7.845461586597775
69,4,13.096203811494302,9.999616206555123,7.644766269375306
70,0,13.041501171610518,9.978622546075533,7.587904702125138
70,1,13.093193653561263,9.995618086974092,7.645048775972984
70,2,13.099316116110254,9.999892318031101,7.649103392528059
70,3,13.280584847997075,10.092208656756466,7.810226883887854
70,4,13.096276547158983,9.999562587553804,7.644939715673909
71,0,13.045816651480246,9.974175822321266,7.59971399043485
71,1,13.094095326985064,9.995961092324915,7.645989679687698
71,2,13.099342901562911,10.000422741729855,7.648507062268541
71,3,13.267623699314631,10.103794649099417,7.7768819700526475
71,4,13.096359445035796,9.999544497560699,7.645085770480856
72,0,13.051031519277323,9.971207514935823,7.611098260992997
72,1,13.09492647686963,9.996402715955423,7.646706456157936
72,2,13.099237746058595,10.000820560909546,7.647871945996437
72,3,13.253048224656506,10.111422475817443,7.7458653660038275
72,4,13.096445771852618,9.999553481087467,7.645204480473967
73,0,13.056848123578133,9.969579369285125,7.62177694222505
73,1,13.09566679386675,9.996903890293384,7.6472155224480645
73,2,13.09903363608434,10.001093147142338,7.647238677555703
73,3,13.237418793249908,10.115529603914496,7.717492665177467
73,4,13.09653039666937,9.99958197970984,7.645297219352249
74,0,13.06299638178091,9.969134238783534,7.631533486131123
74,1,13.096304005773165,9.99743115747554,7.647538619689098
74,2,13.098761726033747,10.001252745814233,7.646639294073541
74,3,13.221232358922796,10.116566585825847,7.691968635393177
74,4,13.096609620903868,9.999623466293066,7.645366271804122
75,0,13.069237541975673,9.96970356433238,7.640212035764652
75,1,13.096832726279192,9.997956910183351,7.647700797198767
75,2,13.098450123785849,10.00131482867886,7.646097391264142
75,3,13.20492060689894,10.11498368837008,7.6694004843043135
75,4,13.096680982930662,9.999672493497648,7.645414482198815
76,0,13.075366509502524,9.971114047119038,7.647712907710941
76,1,13.097253253065839,9.99845933804804,7.64772867394111
76,2,13.098123087110913,10.001296625113945,7.6456286805296365
76,3,13.188850209137193,10.111219785789133,7.64981157075883
76,4,13.096743053482953,9.999724676703263,7.645444968180515
77,0,13.0812128768625,9.973193465916324,7.653987156194161
77,1,13.097570375895097,9.998922142206554,7.647648993194781
77,2,13.097800586251777,10.001215870544412,7.645241834724372
77,3,13.173324780962801,10.10569348865311,7.63315498506047
77,4,13.096795234279236,9.999776629405025,7.645460896132825
78,0,13.086640806516886,9.97577561164037,7.659030475806884
78,1,13.097792242599121,9.999334077520798,7.647487470873724
78,2,13.097498178380585,10.001089791114527,7.6449395182334445
78,3,13.158588149303107,10.098796386183306,7.619326560534693
78,4,13.096837568880375,9.999825866721226,7.645465313255091
79,0,13.091547924885253,9.978704332341866,7.66287668851764
79,1,13.097929318685821,9.999688377075428,7.647267925538219
79,2,13.0972271348855,10.000934327384167,7.64471950946725
79,3,13.144828576530953,10.090888214897879,7.608177006918975
79,4,13.096870571822107,9.999870690107599,7.645461029604041
80,0,13.095863391804196,9.981836701378082,7.665591046052595
80,1,13.0979934650383,9.999982107382596,7.647011668698335
80,2,13.096994761804375,10.000763586825133,7.644575838516402
80,3,13.132183627104,10.082293728078687,7.599522966961576
80,4,13.096895079587817,9.99991006385684,7.645450542753518
81,0,13.099545312165889,9.985045340141266,7.667263560079314
81,1,13.097997148181205,10.00021549574504,7.64673712737776
81,2,13.096804856340665,10.000589505195304,7.644499878276632
81,3,13.12074541145207,10.073301023786387,7.593156888634441
81,4,13.096912124981708,9.999943491588237,7.645435997566678
82,0,13.10257765494148,9.988219943991966,7.668002549621861
82,1,13.097952789000558,10.000391263907305,7.646459666812071
82,2,13.096658247427941,10.000421690278653,7.644481342807527
82,3,13.110565988831198,10.064161089002313,7.58885567644402
82,4,13.096922834907177,9.99997089877922,7.645419173825703
83,0,13.104966839113446,9.991268075390563,7.667928568201494
83,1,13.097872248720929,10.00051399483832,7.64619157927541
83,2,13.096553374965945,10.000267417675042,7.644509161238867
83,3,13.101662755328856,10.055088329155085,7.586388138007182
83,4,13.09692835040745,9.999992525505904,7.645401495004091
84,0,13.106738136309183,9.994115301037992,7.6671688432181835
84,1,13.097766445367544,10.000589552543838,7.645942204998709
84,2,13.096486869934143,10.000131746901744,7.644572208619122
84,3,13.094023683163053,10.046261871594824,7.585521278830791
84,4,13.096929767035018,10.000008831965136,7.6453840521943635
85,0,13.107932026557476,9.99670475961375,7.665852328299713
85,1,13.097645089805946,10.00062456843693,7.645718152584603
85,2,13.096454105505256,10.00001772658755,7.644659886352823
85,3,13.087612312034212,10.037827455079395,7.586025521956044
85,4,13.096928093128199,10.00002041804837,7.645367638034253
86,0,13.10860062723693,9.99899625308697,7.664105437151031
86,1,13.097516527641394,10.00062600215934,7.6455235888708835
86,2,13.096449697051952,9.99992665955396,7.644762554113176
86,3,13.082372422371076,10.029899742413756,7.587678942660107
86,4,13.096924223331897,10.000027957215158,7.6453527863396555
87,0,13.108804296778665,10.000964957434965,7.662048496246039
87,1,13.097387671621952,10.000600779941104,7.645360571503604
87,2,13.096467936198199,9.999858401661163,7.6448718223039025
87,3,13.078232344104142,10.022564918165848,7.590270614357196
87,4,13.096918924652321,10.00003214414787,7.645339814001039
88,0,13.108608494939013,10.002599848013414,7.659792924792422
88,1,13.097264008549867,10.000555509648022,7.645229401247175
88,2,13.096503150551893,9.999811672062554,7.644980719352774
88,3,13.075108873609915,10.015883456643706,7.593603162442426
88,4,13.096912832433553,10.000033655129894,7.645328862494457
89,0,13.10808096139006,10.003901931065966,7.657439124805931
89,1,13.09714966488369,10.000496268587243,7.645128975020842
89,2,13.096549986302131,9.999784356622955,7.64508375150565
89,3,13.07291078633541,10.00989296634817,7.59749461988531
89,4,13.096906453844223,10.00003311974384,7.645319937073727
90,0,13.107289254838136,10.004882366385832,7.655075042594206
90,1,13.09704751602908,10.00042845787415,7.64505712459464
90,2,13.096603615389794,9.99977379043082,7.6451768745677064
90,3,13.071541944009695,10.004611035592234,7.601779673303862
90,4,13.096900176728598,10.000031102300316,7.645312942332518
91,0,13.10629867660205,10.005560557508275,7.6527753458931445
91,1,13.096959325599808,10.000356715636343,7.645010929636101
91,2,13.09665987245022,9.99977700934875,7.64525739745683
91,3,13.07090400392519,10.000038019856088,7.606310382060478
91,4,13.096894281977638,10.00002809134873,7.645307713347982
92,0,13.105170586136202,10.005962275640112,7.650601148436168
92,1,13.096885902527989,10.00028488045264,7.644986997248816
92,2,13.096715329221894,9.999790964230538,7.645323836756195
92,3,13.070898744107517,9.996159724861243,7.610956446327783
92,4,13.096888957888146,10.000024495658932,7.6453040420414995
93,0,13.103961101768379,10.00611787244577,7.648600205717644
93,1,13.09682726567964,10.00021599609725,7.64498170320276
93,2,13.096767315697385,9.999812694670096,7.6453757399419615
93,3,13.071430022786494,9.99294995053867,7.615605093533338
93,4,13.096884315283457,10.000020645168986,7.6453016987224025
94,0,13.102720168166464,10.006060625397035,7.646807501773253
94,1,13.096782807474183,10.000152348779292,7.644991392676124
94,2,13.09681389807235,9.999839461867474,7.645413492867556
94,3,13.07240539383939,9.990372870324824,7.620160646369294
94,4,13.096880402454468,10.000016795546689,7.645300449025676
95,0,13.10149096282521,10.00582524817188,7.6452461464315595
95,1,13.096751449822703,10.000095528535853,7.645012540491031
95,2,13.096853823653154,9.999868842370363,7.645438124635295
95,3,13.073737402122312,9.988385227846162,7.624543829768073
95,4,13.096877219236042,10.000013135191013,7.645300066624847
96,0,13.100309607114044,10.005446587981348,7.643928505093448
96,1,13.096731787417953,10.000046507159542,7.645041872535479
96,2,13.096886442448584,9.999898786079626,7.6454511203773245
96,3,13.075344584080456,9.986938339331116,7.628690868923345
96,4,13.09687472975638,10.000009793688733,7.64530034220809
97,0,13.099205142987355,10.00495852203503,7.642857488038995
97,1,13.096722214977492,10.000005725934413,7.645076451344941
97,2,13.096911614330656,9.999927643024762,7.64545424986627
97,3,13.077152199911414,9.985979895270562,7.632552425542446
97,4,13.096872873583578,10.000006850929184,7.645301089260347
98,0,13.098199734094134,10.004393056846087,7.642027932925896
98,1,13.096721036425055,9.99997318744391,7.6451137297048914
98,2,13.09692960953074,9.999954164069733,7.645449417412431
98,3,13.079092723974151,9.985455559146063,7.636092414985951
98,4,13.09687157514466,10.000004346257459,7.645302147208039
99,0,13.097309049453765,10.003779626853024,7.641428021957018
99,1,13.096726555175042,9.999948546738821,7.645151576675978
99,2,13.096941008955145,9.999977480964136,7.645438536275755
99,3,13.081106120175383,9.985310364630697,7.639286742706237
99,4,13.096870751409787,10.00000228720743,7.645303382465764
100,0,13.096542788788025,10.00314458294274,7.641040683650749
100,1,13.096737145653739,9.999931198161935,7.645188280686286
100,2,13.096946609458264,9.999997071079413,7.645423428892101
100,3,13.083139928782167,9.985489915671792,7.6421219943671
100,4,13.096870317921338,10.000000657497152,7.6453046878854245
101,0,13.095905310714,10.002510856876697,7.640844937818965
101,1,13.096751306952223,9.999920355080059,7.645222534332263
101,2,13.096947337883584,10.000012711837297,7.64540575262062
101,3,13.085149190542898,9.985941396385504,7.644594110151742
101,4,13.096870193307625,9.999999424088859,7.645305981054807
102,0,13.095396328020719,10.001897784277945,7.6408171508975435
102,1,13.096767700071002,9.999915120644628,7.645253405332949
102,2,13.096944176437452,10.000024429318412,7.645386949474084
102,3,13.087096233175428,9.986614399797855,7.646707070005716
102,4,13.096870302458553,9.999998543213577,7.645307201831537
103,0,13.095011637909536,10.001321066624307,7.640932176915136
103,1,13.09678517060267,9.999914548470374,7.645280297739557
103,2,13.096938100843989,10.000032444898443,7.645368217387852
103,3,13.088950344223067,9.987461586201437,7.648471612892875
103,4,13.096870578559468,9.999997965337423,7.645308309434294
104,0,13.09474385914059,10.000792851483075,7.641164366931194
104,1,13.096802758927174,9.999917692776439,7.645302907059034
104,2,13.096930031772306,10.000037123055632,7.6453504999917
104,3,13.09068735300804,9.988439183290948,7.649904009562921
104,4,13.096870964183745,9.999997639104514,7.645309279350201
105,0,13.094583152293028,10.00032190987525,7.641488436589242
105,1,13.09681970008794,9.999923648072173,7.645321172445302
105,2,13.09692079924495,10.000038922775845,7.645334491536412
105,3,13.092289142951293,9.989507341313297,7.651024904850982
105,4,13.096871411638105,9.999997514332403,7.645310100258274
106,0,13.094517903646272,9.999913890029832,7.6418801874336095
106,1,13.096835415500285,9.999931578892364,7.645335228579592
106,2,13.096911119132866,10.000038354289627,7.645320653551746
106,3,13.093743113904335,9.990630357232915,7.6518582421770045
106,4,13.096871882740214,9.999997544162394,7.645310771115447
107,0,13.094535357385537,9.999571627742403,7.642317082787421
107,1,13.096849498539713,9.999940740400186,7.645345359329347
107,2,13.096901580410615,10.00003594223983,7.645309239928126
107,3,13.095041612384158,9.991776782382267,7.652430279717516
107,4,13.096872348188738,9.999997686481588,7.6453112985052005
108,0,13.094622184818448,9.99929549495656,7.642778683279801
108,1,13.096861695889432,9.999950490890097,7.645351954766031
108,2,13.096892641572312,10.000032195819246,7.645300327375373
108,3,13.09618134575028,9.992919428254961,7.652768704719466
108,4,13.09687278666389,9.999997904738493,7.645311694309645
109,0,13.094764982978038,9.999083769922027,7.643246950560624
109,1,13.09687188631414,9.999960297349055,7.645355472652344
109,2,13.096884634474614,10.000027585947992,7.645293848574331
109,3,13.097162794450469,9.994035285020814,7.652901849650727
109,4,13.096873183773392,9.999998168271663,7.645311973734092
110,0,13.094950698320877,9.998933014242132,7.643706430390758
110,1,13.096880058288768,9.999969735285651,7.645356405090371
110,2,13.096877773855727,10.000022529185385,7.645289625761128
110,3,13.09798963452594,9.995105367019745,7.652858011365215
110,4,13.096873530936142,9.999998452263332,7.645312153688214
111,0,13.095166974167867,9.99883844421118,7.644144328198384
111,1,13.096886287662027,9.999978484026423,7.645355250661333
111,2,13.096872170855466,10.000017377790277,7.6452874029348665
111,3,13.098668180644907,9.996114498949328,7.652664872228167
111,4,13.09687382427469,9.999998737418908,7.6453122515093455
112,0,13.095402423056743,9.998794285977617,7.644550491411975
112,1,13.096890716287808,9.999986318620099,7.645352492087593
112,2,13.096867849007154,10.000012415151726,7.64528687532866
112,3,13.099206858060194,9.997051055728354,7.652349020216266
112,4,13.09687406356844,9.99999900946011,7.645312284000529
113,0,13.095646827272015,9.998794106182247,7.644917313489326
113,1,13.096893532322694,9.999993099396026,7.64534857920881
113,2,13.096864761365747,10.000007855699938,7.6452877152086955
113,3,13.09961571009369,9.997906668127637,7.651935563387371
113,4,13.096874251302925,9.999999258505591,7.645312266747678
114,0,13.095891272494784,9.998831111755122,7.6452395746360295
114,1,13.096894952672532,9.999998760104274,7.645343916883668
114,2,13.096862807657955,10.000003848364402,7.6452895934496485
114,3,13.099905946065322,9.998675905243376,7.651447832805932
114,4,13.09687439183646,9.999999478398976,7.645312213675918
115,0,13.096128220787135,9.99889841446345,7.645514233824561
115,1,13.096895207880031,10.000003295431709,7.645338857301996
115,2,13.096861850572212,10.000000482659933,7.645292196666398
115,3,13.10008953302918,9.999355943782096,7.650907167005256
115,4,13.096874490694166,9.999999666031071,7.645312136803963
116,0,13.0963515300176,9.99898925755057,7.645740185965717
116,1,13.096894529581942,10.00000674854943,7.645333696113597
116,2,13.096861730535007,9.999997796539267,7.645295239955391
116,3,13.100178833271531,9.999946232963122,7.65033277035155
116,4,13.096874553990443,9.999999820690975,7.645312046156493
117,0,13.096556427376692,9.999097203366267,7.645917997025517
117,1,13.096893140529353,10.000009199209329,7.645328671742835
117,2,13.096862278534223,9.999995785240717,7.645298475512474
117,3,13.100186288276266,10.000448162656829,7.649741637226204
117,4,13.096874587974423,9.999999943470309,7.6453119497972635
118,0,13.096739444860765,9.99921628224453,7.64604962859771
118,1,13.096891247058124,10.000010752776715,7.645323967255129
118,2,13.096863326742094,9.999994410469972,7.645301697549174
118,3,13.100124148779209,10.000864741193682,7.649148533736394
118,4,13.09687459868835,10.000000036735763,7.645311853949609
119,0,13.096898324558456,9.999341104026927,7.646138162005371
119,1,13.096889033816783,10.00001153046606,7.645319714165904
119,2,13.096864716854657,9.999993609376313,7.645304744030411
119,3,13.100004249615019,10.001200288126354,7.648566028670903
119,4,13.096874591725914,10.000000103677872,7.645311763175425
120,0,13.097031901298607,9.999466934556418,7.6461875304802085
120,1,13.096886660504241,10.000011660940679,7.645315997627547
120,2,13.096866306198875,9.999993302906992,7.645307495809922
120,3,13.09983782730622,10.0014601461267,7.648004565607291
120,4,13.096874572076112,10.000000147938056,7.645311680588501
121,0,13.097139969754599,9.999589740182138,7.646202266413332
121,1,13.09688426033658,10.00001127334632,7.645312862489286
121,2,13.096867971762027,9.99999340324244,7.645309873752112
121,3,13.099635377746676,10.001650415169117,7.647472568417074
121,4,13.09687454403779,10.00000017331164,7.645311608082717
122,0,13.097223142489653,9.999706203830225,7.64618726913821
122,1,13.096881939947766,10.000010491773656,7.645310319793261
122,2,13.09686961237202,9.999993820124232,7.645311834408951
122,3,13.099406550881854,10.001777711205207,7.646976572876532
122,4,13.096874511190478,10.000000183521419,7.6453115465600145
123,0,13.09728270471121,9.999813716523851,7.646147597238193
123,1,13.096879780430154,10.00000943108558,7.645308353342534
123,2,13.096871149303931,9.99999446598369,7.645313364775468
123,3,13.09916007897381,10.001848950681419,7.646521377643012
123,4,13.096874476408134,10.000000182054318,7.645311496147019
124,0,13.097320470717984,9.999910348394822,7.646088288003188
124,1,13.096877839233867,10.000008194001053,7.645306926049537
124,2,13.09687252561109,9.99999525985973,7.645314476584959
124,3,13.098903734846317,10.001871161497087,7.646110208472971
124,4,13.096874441903845,10.000000172052557,7.645311456392699
125,0,13.09733864620494,9.999994803240002,7.646014205419409
125,1,13.096876152666407,10.00000686929688,7.645305985843354
125,2,13.096873704481789,9.999996130158786,7.645315200532139
125,3,13.098644316420799,10.001851320347587,7.645744890214094
125,4,13.096874409295165,10.000000156250325,7.6453114264423565
126,0,13.097339699769732,10.000066360560268,7.645929916982276
126,1,13.096874738762379,10.000005530970553,7.645305470978905
126,2,13.096874666909601,9.999997016357925,7.645315580734891
126,3,13.09838765386176,10.001796215845438,7.645426021778114
126,4,13.09687437968144,10.000000136947094,7.645311405185647
127,0,13.0973262461649,10.000124808800305,7.645839598686985
127,1,13.096873600325528,10.00000423819946,7.64530531464894
127,2,13.09687540894013,9.999997869785133,7.645315669668036
127,3,13.09813863573664,10.001712336358358,7.645153149974933
127,4,13.096874353726207,10.000000116009254,7.645311391378206
128,0,13.097300943085072,10.00017037320683,7.645746966779413
128,1,13.09687272797917,10.000003035932535,7.645305448849713
128,2,13.096875938723702,9.999998653629937,7.645315523729629
128,3,13.097901250745233,10.001605781142377,7.644924938746996
128,4,13.09687433173927,10.000000094892536,7.645311383737862
129,0,13.09726640258381,10.000203641362509,7.645655234240703
129,1,13.09687210309482,10.00000195595782,7.645305807492845
129,2,13.096876273565403,9.999999342344886,7.645315199534242
129,3,13.097678641774552,10.00148219307379,7.64473933097328
129,4,13.096874313754531,10.000000074678669,7.645311381017395
130,0,13.097225117593524,10.000225489053095,7.645567089526572
130,1,13.096871700501099,10.00000101830205,7.645306328789188
130,2,13.096876437123974,9.999999920595952,7.645314750970819
130,3,13.09747316927394,10.00134671108848,7.644593700604733
130,4,13.096874299600874,10.000000056120706,7.645311382056462
131,0,13.097179403481679,10.000237008704808,7.645484694776749
131,1,13.096871490904556,10.000000232834209,7.645306956955784
131,2,13.09687645687173,10.000000381909986,7.645314227015611
131,3,13.097286481210915,10.001203940312832,7.644484993440974
131,4,13.09687428896446,10.000000039692559,7.645311385815619
132,0,13.097131354121968,10.000239442203888,7.645409700538286
132,1,13.096871442980422,9.999999600963147,7.645307643314857
132,2,13.096876361890864,10.000000727151777,7.645313670254163
132,3,13.097119587150836,10.001057937808406,7.644409855356166
132,4,13.09687428144163,10.000000025639165,7.645311391395447
133,0,13.09708281159107,10.000234119494651,7.645343273993024
133,1,13.096871525113954,9.999999117338218,7.64530834686507
133,2,13.096876181048499,10.00000096294433,7.645313116039551
133,3,13.096972934294056,10.000912211844536,7.644364747227641
133,4,13.096874276582305,10.000000014024705,7.645311398043812
134,0,13.097035348318112,10.00022240395767,7.645286137727965
134,1,13.096871706791735,9.99999877148071,7.64530903441075
134,2,13.09687594156462,10.000001100125068,7.6453125921968486
134,3,13.096846483595382,10.000769732650266,7.644346046212753
134,4,13.09687427392424,10.000000004776975,7.645311405153988
135,0,13.096990260310763,10.000205645205124,7.645238616219995
135,1,13.096871959657175,9.999998549291773,7.645309680335636
135,2,13.096875667963952,10.000001152309428,7.645312119174614
135,3,13.096739784376057,10.000632952671873,7.644350133357838
135,4,13.096874273018871,9.99999999772679,7.645311412256158
136,0,13.096948569952836,10.000185139602472,7.645200687406287
136,1,13.096872258255647,9.99999843439907,7.6453102661045875
136,2,13.09687538138506,10.000001134612884,7.645311710542129
136,3,13.096652046113004,10.000503834466855,7.644373467809279
136,4,13.096874273449707,9.999999992641774,7.645311419004432
137,0,13.096911036805787,10.000162098538969,7.6451720369619185
137,1,13.096872580502428,9.999998409318996,7.645310779570846
137,2,13.096875099207297,10.000001062563626,7.645311373734595
137,3,13.096582206349607,10.000383884492871,7.644412648132965
137,4,13.096874274844293,9.999999989254363,7.6453114251612035
138,0,13.09687817484226,10.000137624226737,7.6451521131913065
138,1,13.096872907911434,9.999998456423917,7.6453112141584505
138,2,13.096874834948162,10.000000951221665,7.645311110956245
138,3,13.096528993913882,10.000274191194373,7.644464461437575
138,4,13.096874276880886,9.999999987284163,7.645311430580334
139,0,13.096850274584797,10.000112692609727,7.645140180745523
139,1,13.096873225624869,9.999998558714246,7.645311567980207
139,2,13.096874598379731,10.0000008145062,7.645310920162157
139,3,13.09649098685109,10.000175465944803,7.644525921142872
139,4,13.096874279290885,9.99999998645507,7.645311435190244
140,0,13.096827428708005,10.000088142809313,7.645135371690833
140,1,13.096873522283946,9.999998700403474,7.6453118429417515
140,2,13.096874395812383,10.000000664722123,7.645310796052028
140,3,13.096466664677495,10.0000880855635,7.644594294340044
140,4,13.096874281858021,9.999999986507662,7.645311438977837
141,0,13.096809559778944,10.00006467242033,7.64513673276402
141,1,13.096873789779211,9.99999886733043,7.645312043872302
141,2,13.096874230496274,10.000000512268196,7.645310731022576
141,3,13.096454454739035,10.00001213528934,7.644667119761344
141,4,13.09687428441519,9.999999987207532,7.645311441973746
142,0,13.096796448949785,10.000042837897245,7.645143267947983
142,1,13.096874022915994,9.999999047217347,7.6453121777131745
142,2,13.096874103095393,10.000000365503835,7.645310716038487
142,3,13.096452772613247,9.99994745125419,7.6447422174148425
142,4,13.096874286839713,9.999999988350194,7.645311444239336
143,0,13.096787764571078,10.000023059230864,7.645153975779579
143,1,13.096874219026752,9.99999922979496,7.645312252786175
143,2,13.096874012194746,10.00000023074811,7.645310741394386
143,3,13.096460056624911,9.99989366165529,7.644817690951018
143,4,13.09687428904767,9.999999989763227,7.645311445855634
144,0,13.09678308985608,10.000005628107553,7.645167881055056
144,1,13.096874377557656,9.999999406817016,7.645312278156064
144,2,13.09687395480779,10.000000112383358,7.645310797351657
144,3,13.096474796656514,9.999850225974452,7.644891923815428
144,4,13.09687429098782,9.999999991306304,7.645311446914166
145,0,13.09678194889047,9.999990718760737,7.645184060822821
145,1,13.096874499652204,9.999999571986596,7.64531226309439
145,2,13.096873926858098,10.000000013036212,7.645310874643693
145,3,13.09649555752467,9.99981647173128,7.64496357020947
145,4,13.096874292635514,9.99999999286962,7.645311447509727
146,0,13.096783830441913,9.99997840076375,7.645201664746369
146,1,13.096874587749983,9.999999720815701,7.645312216646134
146,2,13.096873923615998,9.999999933810589,7.645310964851291
146,3,13.096520997264413,9.999791628386435,7.645031541832898
146,4,13.096874293986916,9.999999994371256,7.6453114477348665
147,0,13.096788209176134,9.99996865306956,7.645219930080729
147,1,13.096874645214344,9.999999850437899,7.645312147296037
147,2,13.096873940077275,9.999999874549832,7.645311060656113
147,3,13.09654988071628,9.999774858127857,7.645094991320991
147,4,13.096874295053718,9.999999995753852,7.6453114476759545
148,0,13.096794564026897,9.99996137867191,7.6452381916340535
148,1,13.096874675998635,9.99999995939166,7.645312062727959
148,2,13.096873971276677,9.999999834108507,7.645311155984807
148,3,13.096581088848028,9.999765283377672,7.645153293218836
148,4,13.096874295858479,9.99999999698096,7.645311447410565
149,0,13.096802393594,9.99995641934004,7.6452558871829535
149,1,13.096874684357028,10.000000047389639,7.645311969667975
149,2,13.096874012533819,9.999999810617911,7.645311246059235
149,3,13.09661362426518,9.999762010949546,7.645206023258314
149,4,13.09687429643067,9.99999999803334,7.645311447005996
150,0,13.096811228554433,9.999953569961637,7.645272558877686
150,1,13.096874674602843,10.000000115086502,7.645311873800461
150,2,13.096874059633063,9.999999801733042,7.645311327369944
150,3,13.096646613374315,9.999764152865954,7.645252936622327
150,4,13.096874296803406,9.99999999890537,7.645311446518666
151,0,13.096820641166103,9.999952592112704,7.645287851213909
151,1,13.096874650914646,10.000000163855404,7.645311779745485
151,2,13.09687410894197,9.999999804852244,7.645311397590262
151,3,13.096679305661743,9.999770843912113,7.645293945798079
151,4,13.096874297010869,9.999999999601743,7.645311445994212
152,0,13.096830252020835,9.999953226555768,7.645301506164332
152,1,13.096874617188371,10.000000195580714,7.6453116910857
152,2,13.096874157475133,9.999999817304046,7.645311455447844
152,3,13.096711070539541,9.999781256058972,7.645329098538546
152,4,13.09687429708635,10.000000000134524,7.645311445468097
153,0,13.096839734263842,9.999955204447058,7.645313356059293
153,1,13.096874576932093,10.000000212472335,7.645311610431337
153,2,13.096874202911538,9.99999983649845,7.645311500569167
153,3,13.096741392192667,9.999794609932058,7.645358556370531
153,4,13.096874297060854,10.000000000520624,7.6453114449665325
154,0,13.096848815541328,9.999958257106977,7.64532331478362
154,1,13.09687453319902,10.000000216904946,7.645311539512596
154,2,13.096874243574304,9.99999986004242,7.645311533310551
154,3,13.096769862836402,9.999810183537114,7.645382574010065
154,4,13.09687429696218,10.000000000779691,7.645311444507642
155,0,13.096857277967453,9.999962124274894,7.645331367821306
155,1,13.096874488553587,10.000000211283753,7.645311479289877
155,2,13.096874278381694,9.999999885821108,7.645311554587212
155,3,13.096796174764199,9.999827318478042,7.645401479972648
155,4,13.096874296814407,10.000000000932436,7.6453114441026875
156,0,13.096864956417832,9.999966560828263,7.645337561632833
156,1,13.09687444506516,10.000000197936878,7.645311430073486
156,2,13.096874306777936,9.999999912047853,7.645311565709481
156,3,13.096820111533416,9.999845423918748,7.645415658597627
156,4,13.096874296637685,10.00000000099933,7.645311443757331
157,0,13.096871735460892,9.99997134199641,7.645341992795646
157,1,13.096874404323914,10.000000179033378,7.6453113916458175
157,2,13.096874328651598,9.999999937286933,7.645311568233077
157,3,13.096841538601605,9.99986397854889,7.645425533643741
157,4,13.096874296448284,10.000000000999668,7.645311443472824
158,0,13.096877545232212,9.999976267141053,7.645344797279055
158,1,13.096874367473566,10.000000156525026,7.645311363380317
158,2,13.096874344248311,9.999999960453588,7.6453115638281615
158,3,13.096860393690005,9.999882530815375,7.6454315535565565
158,4,13.09687429625882,10.000000000950935,7.645311443247108
159,0,13.096882356542393,9.99998116220861,7.645346140163258
159,1,13.0968743352561,10.00000013210933,7.645311344352955
159,2,13.096874354083488,9.999999980796087,7.645311554169927
159,3,13.096876677114649,9.999900697677585,7.645434178458871
159,4,13.096874296078592,10.000000000868422,7.645311443075782
160,0,13.09688617548772,9.99998588098408,7.645346206050685
160,1,13.096874308064105,10.00000010721097,7.645311333442994
160,2,13.096874358859493,9.999999997864508,7.6453115408518295
160,3,13.096890442289741,9.999918162135723,7.645433868871744
160,4,13.096874295914002,10.000000000765054,7.645311442952939
161,0,13.096889037806582,9.999990305293096,7.6453451903581575
161,1,13.096874285996927,10.000000082978579,7.645311329421096
161,2,13.096874359390588,10.000000011470602,7.645311525321159
161,3,13.096901786573415,9.99993466976925,7.645431076137023
161,4,13.096874295769004,10.000000000651378,7.6453114428718525
162,0,13.096891003194868,9.999994344308554,7.645343291622036
162,1,13.096874268917489,10.000000060293795,7.645311331023679
162,2,13.096874356537855,10.000000021642672,7.645311508835576
162,3,13.096910842593127,9.999950024506925,7.645426234481381
162,4,13.096874295645549,10.000000000535675,7.645311442825513
163,0,13.096892149761906,9.999997933121595,7.645340704896946
163,1,13.096874256507249,10.000000039789706,7.645311337013226
163,2,13.096874351155332,10.000000028578809,7.645311492438427
163,3,13.09691777015726,9.999964083832303,7.6454197546371265
163,4,13.096874295544023,10.000000000424148,7.645311442807056
164,0,13.096892568776077,10.00000103073473,7.64533761628244
164,1,13.096874248317354,10.000000021875888,7.6453113462249656
164,2,13.096874344047794,10.00000003260123,7.645311476950216
164,3,13.096922748831235,9.999976753609317,7.645412018915671
164,4,13.096874295463635,10.000000000321164,7.645311442810057
165,0,13.096892359817257,10.000003617628304,7.645334198571922
165,1,13.096874243814652,10.000000006767664,7.6453113576007805
165,2,13.096874335939882,10.000000034113818,7.6453114629732415
165,3,13.096925971230831,9.999987982692454,7.645403377615302
165,4,13.096874295402767,10.000000000229521,7.645311442828724
166,0,13.096891626422616,10.000005693041246,7.64533060798443
166,1,13.096874242421666,9.99999999451745,7.645311370211559
166,2,13.09687432745579,10.000000033564362,7.645311450906451
166,3,13.096927637062617,9.999997757465577,7.645394146635233
166,4,13.096874295359266,10.00000000015073,7.6453114428580236
167,0,13.096890472283674,10.00000727209411,7.6453269819125795
167,1,13.096874243550136,9.999999985046435,7.645311383269483
167,2,13.096874319108348,10.000000031412464,7.645311440967566
167,3,13.0969279479214,10.000006096433065,7.645384606162421
167,4,13.096874295330698,10.000000000085269,7.645311442893725
168,0,13.096888998026609,10.000008382867447,7.645323437598977
168,1,13.09687424662802,9.999999978175197,7.645311396131795
168,2,13.096874311296082,10.000000028103544,7.64531143321987
168,3,13.096927102837467,10.000013044967154,7.645375000295616
168,4,13.096874295314537,10.000000000032843,7.645311442932394
169,0,13.096887298584884,10.000009063532495,7.645320071638331
169,1,13.096874251120209,9.99999997365219,7.645311408297684
169,2,13.096874304306743,10.000000024049024,7.6453114276012855
169,3,13.096925294551982,10.000018670296354,7.6453655374723475
169,4,13.096874295308313,9.999999999992593,7.645311442971358
170,0,13.096885461153551,10.00000935961449,7.64531696019294
170,1,13.096874256543364,9.999999971179339,7.64531141939984
170,2,13.09687429832576,10.000000019612381,7.645311423953784
170,3,13.09692270648711,10.000023056801997,7.645356391568269
170,4,13.096874295309716,9.999999999963288,7.645311443008628
171,0,13.09688356369839,10.00000932145248,7.6453141598046095
171,1,13.096874262475506,9.999999970434256,7.645311429192152
171,2,13.09687429344817,10.00000001510059,7.645311422051549
171,3,13.096919510368185,10.000026301673413,7.64534770354418
171,4,13.096874295316674,9.999999999943489,7.645311443042824
172,0,13.096881673980008,10.000009001903537,7.6453117086857665
172,1,13.096874268561008,9.99999997108889,7.645311437534843
172,2,13.09687428969266,10.000000010760232,7.645311421626713
172,3,13.09691586444818,10.000028510957184,7.645339583523649
172,4,13.096874295327384,9.999999999931664,7.645311443073079
173,0,13.09687984904337,10.000008454324343,7.645309628375844
173,1,13.096874274511766,9.999999972824499,7.64531144437825
173,2,13.096874287016595,10.000000006777524,7.645311422391863
173,3,13.096911912279868,10.000029796022371,7.645332113192957
173,4,13.096874295340335,9.999999999926297,7.6453114430989455
174,0,13.09687813511653,10.000007730849461,7.645307925655441
174,1,13.096874280105284,9.999999975343142,7.645311449746156
174,2,13.096874285331028,10.000000003281412,7.645311424058846
174,3,13.096907781977993,10.000030270451727,7.645325348424917
174,4,13.096874295354304,9.999999999925953,7.645311443120313
175,0,13.09687656785839,10.000006880973501,7.645306594619383
175,1,13.096874285180393,9.999999978375891,7.645311453719519
175,2,13.096874284514941,10.000000000348965,7.645311426353653
175,3,13.096903585912406,10.000030047358553,7.645319322038345
175,4,13.096874295368337,9.999999999929326,7.645311443137315
176,0,13.096875172893903,10.000005950433872,7.645305618820208
176,1,13.096874289631272,9.99999998168812,7.6453114564211635
176,2,13.096874284428154,9.999999998012282,7.645311429027492
176,3,13.096899420773148,10.000029237120113,7.645314046615587
176,4,13.096874295381731,9.999999999935275,7.645311443150267
177,0,13.096873966575778,10.00000498038209,7.645304973405159
177,1,13.096874293400397,9.999999985082244,7.645311458001903
177,2,13.096874284922498,9.999999996266261,7.645311431864233
177,3,13.096895367949744,10.000027945511306,7.645309517311048
177,4,13.096874295393999,9.999999999942832,7.6453114431596
178,0,13.09687295691417,10.000004006824563,7.64530462718178
178,1,13.096874296470912,9.999999988398335,7.645311458628366
178,2,13.096874285851076,9.999999995076646,7.645311434684639
178,3,13.096891494169194,10.000026272216457,7.645305714594041
178,4,13.096874295404833,9.999999999951202,7.645311443165807
179,0,13.096872144619743,10.000003060308401,7.645304544559533
179,1,13.096874298858877,9.999999991513016,7.645311458472696
179,2,13.096874287075511,9.999999994387876,7.645311437347816
179,3,13.096887852340283,10.000024309692668,7.6453026068792225
179,4,13.09687429541408,9.999999999959762,7.6453114431694065
180,0,13.096871524210423,10.00000216582409,7.645304687326725
180,1,13.096874300605748,9.99999999433706,7.6453114577041505
180,2,13.096874288471245,9.999999994130393,7.645311439750396
180,3,13.096884482555433,10.000022142354892,7.6453001530072795
180,4,13.096874295421706,9.999999999968043,7.6453114431709075
181,0,13.096871085137881,10.000001342894446,7.645305016233486
181,1,13.096874301771347,9.999999996812033,7.645311456482581
181,2,13.096874289931014,9.999999994227124,7.645311441823972
181,3,13.09688141320553,10.000019846050803,7.645298304547332
181,4,13.096874295427764,9.999999999975714,7.645311443170789
182,0,13.096870812895984,10.000000605818345,7.645305492361963
182,1,13.096874302427524,9.999999998906357,7.645311454953657
182,2,13.096874291366726,9.999999994599001,7.645311443531288
182,3,13.096878662167525,10.000017487792357,7.645297007900458
182,4,13.096874295432366,9.999999999982556,7.645311443169482
183,0,13.09687069007983,9.999999964037759,7.6453060782744355
183,1,13.096874302652628,10.000000000611047,7.645311453245686
183,2,13.096874292709952,9.99999999516942,7.645311444861624
183,3,13.096876238029253,10.000015125710675,7.64529620619107
183,4,13.096874295435672,9.999999999988455,7.645311443167362
184,0,13.096870697370372,9.999999422597734,7.645306738938277
184,1,13.096874302526857,10.000000001935389,7.645311451467818
184,2,13.096874293911315,9.999999995867647,7.645311445825795
184,3,13.096874141320498,10.000012809201294,7.645295840939194
184,4,13.09687429543786,9.999999999993369,7.645311443164748
185,0,13.096870814425799,9.999998982670759,7.645307442433788
185,1,13.096874302128496,10.00000000290275,7.645311449709444
185,2,13.09687429493903,9.999999996631212,7.645311446451089
185,3,13.096872365723915,10.000010579227954,7.6452958535123265
185,4,13.096874295439116,9.999999999997314,7.645311443161898
186,0,13.096871020666608,9.999998642119406,7.645308160456625
186,1,13.096874301531024,10.000000003546669,7.645311448040533
186,2,13.096874295776844,9.999999997407373,7.645311446776418
186,3,13.09687089924384,10.00000846875456,7.645296186360287
186,4,13.096874295439626,10.000000000000355,7.645311443159013
187,0,13.096871295946611,9.999998396073984,7.645308868631136
187,1,13.096874300801014,10.000000003907319,7.645311446512738
187,2,13.09687429642163,9.99999999815378,7.6453114468479075
187,3,13.096869725315223,10.00000650327698,7.6452967840404575
187,4,13.096874295439559,10.00000000000258,7.645311443156243
188,0,13.096871621106843,9.999998237505089,7.645309546654157
188,1,13.096874299996772,10.000000004028445,7.645311445161024
188,2,13.096874296880785,9.999999998838469,7.645311446715015
188,3,13.096868823838836,10.000004701428544,7.645297594044001
188,4,13.09687429543907,10.000000000004091,7.645311443153696
189,0,13.09687197841339,9.999998157774183,7.645310178291065
189,1,13.096874299167599,10.000000003954776,7.645311444005667
189,2,13.096874297169657,9.999999999439318,7.645311446427304
189,3,13.096868172132544,10.000003075635549,7.645298567436157
189,4,13.096874295438294,10.000000000005006,7.645311443151433
190,0,13.09687235188361,9.999998147148634,7.645310751247053
190,1,13.096874298353589,10.000000003729937,7.645311443054458
190,2,13.096874297309098,9.999999999943128,7.645311446031893
190,3,13.096867745791716,10.000001632801641,7.6452996593256035
190,4,13.096874295437345,10.000000000005434,7.645311443149497
191,0,13.096872727507934,9.999998195270852,7.645311256936879
191,1,13.096874297585858,10.00000000339484,7.645311442304979
191,2,13.096874297323241,10.000000000344425,7.6453114455715525
191,3,13.096867519454761,10.000000375002564,7.645300829179066
191,4,13.096874295436315,10.000000000005484,7.645311443147892
192,0,13.096873093376562,9.999998291574126,7.645311690175891
192,1,13.0968742968871,10.00000000298653,7.645311441746813
192,2,13.096874297237584,10.000000000644127,7.645311445083424
192,3,13.096867467472368,9.99999930017532,7.645302040998168
192,4,13.096874295435276,10.000000000005251,7.645311443146612
193,0,13.096873439721856,9.999998425640639,7.6453120488140165
193,1,13.096874296272384,10.000000002537426,7.645311441363665
193,2,13.09687429707739,10.000000000848155,7.645311444598299
193,3,13.096867564481201,9.999998402788375,7.645303263375752
193,4,13.096874295434281,10.000000000004823,7.645311443145634
194,0,13.096873758888158,9.999998587499512,7.645312333332823
194,1,13.096874295750107,10.000000002074923,7.645311441135252
194,2,13.096874296866455,10.000000000966093,7.64531144414037
194,3,13.096867785884708,9.999997674481914,7.645304469448765
194,4,13.096874295433366,10.00000000000427,7.645311443144925
195,0,13.096874045241186,9.999998767865002,7.645312546423778
195,1,13.096874295323026,10.000000001621279,7.645311441039004
195,2,13.096874296626188,10.00000000100992,7.64531144372738
195,3,13.096868108245163,9.99999710466947,7.64530563676438
195,4,13.096874295432556,10.000000000003654,7.6453114431444495
196,0,13.096874295029131,9.999998958316755,7.645312692563591
196,1,13.09687429498932,10.00000000119375,7.645311441051478
196,2,13.096874296375022,10.0000000009929,7.645311443371053
196,3,13.096868509592328,9.999996681094327,7.645306747075299
196,4,13.096874295431864,10.00000000000302,7.6453114431441715
197,0,13.096874506207227,9.999999151425515,7.645312777600223
197,1,13.09687429474361,10.000000000804903,7.645311441149532
197,2,13.096874296128087,10.000000000928637,7.645311443077766
197,3,13.096868969654974,9.99999639033609,7.645307786079153
197,4,13.096874295431292,10.000000000002405,7.645311443144051
198,0,13.096874678236821,9.999999340828843,7.64531280836062
198,1,13.096874294577939,10.000000000463059,7.645311441311238
198,2,13.096874295897136,10.000000000830305,7.645311442849338
198,3,13.096869470022188,9.99999621826448,7.645308743115907
198,4,13.096874295430835,10.000000000001835,7.645311443144051
199,0,13.096874811869107,9.999999521262268,7.645312792288939
199,1,13.096874294482628,10.000000000172834,7.645311441516541
199,2,13.09687429569064,10.000000000710063,7.645311442683884
199,3,13.09686999424178,9.999996150438994,7.645309610835877
199,4,13.096874295430487,10.000000000001323,7.645311443144142
